gene_id	gene_name	RAP1_IAA_30M_REP1	RAP1_UNINDUCED_REP1	RAP1_UNINDUCED_REP2	WT_REP1	WT_REP2
Gfp_transgene_gene	Gfp_transgene_gene	529.2302	529.2302	529.2302	529.2302	529.2302
HRA1	HRA1	364.424	364.424	364.424	364.424	364.424
snR18	snR18	12.961	3.543	3.543	12.817	12.883
tA(UGC)A	TGA1	5.7826	5.7826	5.7826	5.7826	5.7826
tL(CAA)A	SUP56	6.7862	6.7862	6.7862	6.7862	6.7862
tP(UGG)A	TRN1	7.136	7.136	7.136	7.136	7.136
tS(AGA)A	tS(AGA)A	9.394	9.394	9.394	9.394	9.394
YAL001C	TFC3	3315.596	3233	3233	3317.35	3317.118
YAL002W	VPS8	3657.596	3575	3575	3659.35	3659.118
YAL003W	EFB1	453.702	371	371	455.415	455.369
YAL004W	YAL004W	480.671	481.464345293605	481.464345293605	481.464345293605	482.259
YAL005C	SSA1	1761.596	1679	1679	1763.35	1763.118
YAL007C	ERP2	480.671	398	398	482.394	482.259
YAL008W	FUN14	429.743	347	347	431.48	431.475
YAL009W	SPO7	612.609	530	530	614.35	614.167
YAL010C	MDM10	1314.596	1232	1232	1316.35	1316.118
YAL011W	SWC3	1710.596	1628	1628	1712.35	1712.118
YAL012W	CYS3	1017.596	935	935	1019.35	1019.118
YAL013W	DEP1	1050.596	968	968	1052.35	1052.118
YAL014C	SYN8	600.609	518	518	602.35	602.167
YAL015C	NTG1	1032.596	950	950	1034.35	1034.118
YAL016C-A	YAL016C-A	120.1742	120.1742	120.1742	120.1742	120.1742
YAL016C-B	YAL016C-B	34.8014	34.8014	34.8014	34.8014	34.8014
YAL016W	TPD3	1740.596	1658	1658	1742.35	1742.118
YAL017W	PSK1	3903.596	3821	3821	3905.35	3905.118
YAL018C	LDS1	778.2128	778.2128	778.2128	778.2128	778.2128
YAL019W	FUN30	3228.596	3146	3146	3230.35	3230.118
YAL019W-A	YAL019W-A	370.41	370.41	370.41	370.41	370.41
YAL020C	ATS1	834.596	752	752	836.35	836.118
YAL021C	CCR4	2346.596	2264	2264	2348.35	2348.118
YAL022C	FUN26	1386.596	1304	1304	1388.35	1388.118
YAL023C	PMT2	2112.596	2030	2030	2114.35	2114.118
YAL024C	LTE1	4140.596	4058	4058	4142.35	4142.118
YAL025C	MAK16	753.596	671	671	755.35	755.118
YAL026C	DRS2	3900.596	3818	3818	3902.35	3902.118
YAL026C-A	YAL026C-A	271.993	188	188	274.022	274.17
YAL027W	SAW1	618.609	536	536	620.35	620.167
YAL028W	FRT2	1419.596	1337	1337	1421.35	1421.118
YAL029C	MYO4	4248.596	4166	4166	4250.35	4250.118
YAL030W	SNC1	191.071	104.002	104.002	193.178	193.802
YAL031C	GIP4	2115.596	2033	2033	2117.35	2117.118
YAL031W-A	YAL031W-A	114.6164	114.6164	114.6164	114.6164	114.6164
YAL032C	PRP45	972.596	890	890	974.35	974.118
YAL033W	POP5	354.983	272	272	356.824	357.012
YAL034C	FUN19	1074.596	992	992	1076.35	1076.118
YAL034C-B	YAL034C-B	157.211	157.211	157.211	157.211	157.211
YAL034W-A	MTW1	702.596	620	620	704.35	704.118
YAL035W	FUN12	2841.596	2759	2759	2843.35	2843.118
YAL036C	RBG1	942.596	860	860	944.35	944.118
YAL037C-A	YAL037C-A	7.9792	7.9792	7.9792	7.9792	7.9792
YAL037C-B	YAL037C-B	807.596	765.184356870944	725	765.184356870944	765.184356870944
YAL037W	YAL037W	636.596	554	554	638.35	638.16
YAL038W	CDC19	1335.596	1253	1253	1337.35	1337.118
YAL039C	CYC3	642.596	560	560	644.35	644.16
YAL040C	CLN3	1575.596	1493	1493	1577.35	1577.118
YAL041W	CDC24	2397.596	2315	2315	2399.35	2399.118
YAL042C-A	YAL042C-A	180.4216	180.4216	180.4216	180.4216	180.4216
YAL042W	ERV46	1080.596	998	998	1082.35	1082.118
YAL043C	PTA1	2190.596	2108	2108	2192.35	2192.118
YAL044C	GCV3	346.035	263	263	347.912	348.12
YAL044W-A	YAL044W-A	171.483	83.038	83.038	173.696	174.308
YAL045C	YAL045C	59.592	59.592	59.592	59.592	59.592
YAL046C	AIM1	193.95	107.001	107.001	195.981	196.594
YAL047C	SPC72	1701.596	1619	1619	1703.35	1703.118
YAL047W-A	YAL047W-A	134.2786	134.2786	134.2786	134.2786	134.2786
YAL048C	GEM1	1821.596	1739	1739	1823.35	1823.118
YAL049C	AIM2	573.609	491	491	575.35	575.173
YAL051W	OAF1	2976.596	2894	2894	2978.35	2978.118
YAL053W	FLC2	2184.596	2102	2102	2186.35	2186.118
YAL054C	ACS1	1974.596	1892	1892	1976.35	1976.118
YAL055W	PEX22	375.885	293	293	377.693	377.766
YAL056C-A	YAL056C-A	154.316	154.316	154.316	154.316	154.316
YAL056W	GPB2	2475.596	2393	2393	2477.35	2477.118
YAL058W	CNE1	1341.596	1259	1259	1343.35	1343.118
YAL059C-A	YAL059C-A	224.426	224.426	224.426	224.426	224.426
YAL059W	ECM1	471.676	389	389	473.41	473.288
YAL060W	BDH1	981.596	899	899	983.35	983.118
YAL061W	BDH2	1086.596	1004	1004	1088.35	1088.118
YAL062W	GDH3	1206.596	1124	1124	1208.35	1208.118
YAL063C	FLO9	3801.596	3719	3719	3803.35	3803.118
YAL063C-A	YAL063C-A	43.643	43.643	43.643	43.643	43.643
YAL064C-A	TDA8	183.3416	183.3416	183.3416	183.3416	183.3416
YAL064W	YAL064W	38.947	38.947	38.947	38.947	38.947
YAL064W-B	YAL064W-B	216.792	183.803320237943	131	218.648	183.803320237943
YAL065C	YAL065C	189.1772	189.1772	189.1772	189.1772	189.1772
YAL066W	YAL066W	114.6164	114.6164	114.6164	114.6164	114.6164
YAL067C	SEO1	1614.596	1532	1532	1616.35	1573.18284738497
YAL067W-A	YAL067W-A	55.3394	55.3394	55.3394	55.3394	55.3394
YAL068C	PAU8	199.681	113	113	201.63	202.268
YAL068W-A	YAL068W-A	21.585	21.585	21.585	21.585	21.585
YAL069W	YAL069W	154.977	65.324	116.963987947692	116.963987947692	158.058
YAR002C-A	ERP1	492.671	410	410	494.381	494.216
YAR002W	NUP60	1452.596	1370	1370	1454.35	1454.118
YAR003W	SWD1	1113.596	1031	1031	1115.35	1115.118
YAR007C	RFA1	1698.596	1616	1616	1700.35	1700.118
YAR008W	SEN34	660.596	578	578	662.35	662.16
YAR009C	YAR009C	3423.596	3341	3341	3425.35	3425.118
YAR010C	YAR010C	1155.596	1073	1073	1157.35	1157.118
YAR014C	BUD14	1962.596	1880	1880	1964.35	1964.118
YAR015W	ADE1	753.596	671	671	755.35	755.118
YAR018C	KIN3	1140.596	1058	1058	1142.35	1142.118
YAR019C	CDC15	2757.596	2675	2675	2759.35	2759.118
YAR019W-A	YAR019W-A	137.1126	137.1126	137.1126	137.1126	137.1126
YAR020C	PAU7	27.5854	27.5854	27.5854	27.5854	27.5854
YAR023C	YAR023C	372.904	290	290	374.71	374.814
YAR027W	UIP3	540.615	458	458	542.368	542.186
YAR028W	YAR028W	537.617	455	455	539.369	539.186
YAR029W	YAR029W	79.412	12.734	12.734	23.4389745958595	23.4389745958595
YAR030C	YAR030C	179.927	144.442106971698	92.011	182.031	144.442106971698
YAR031W	PRM9	729.596	647	647	731.35	731.118
YAR033W	MST28	537.617	455	455	539.369	539.186
YAR035C-A	YAR035C-A	6.7032	6.7032	6.7032	6.7032	6.7032
YAR035W	YAT1	1896.596	1814	1814	1898.35	1898.118
YAR042W	SWH1	3399.596	3317	3317	3401.35	3401.118
YAR047C	YAR047C	107.590941621495	107.590941621495	71.167	162.657	107.590941621495
YAR050W	FLO1	4446.596	4364	4364	4448.35	4448.118
YAR053W	YAR053W	103.8536	103.8536	103.8536	103.8536	103.8536
YAR060C	YAR060C	174.312	138.453361306772	86.025	138.453361306772	176.994
YAR061W	YAR061W	42.968	42.968	42.968	42.968	42.968
YAR062W	YAR062W	429.743	400.712587803309	347	431.48	400.712587803309
YAR064W	YAR064W	106.4954	106.4954	106.4954	106.4954	106.4954
YAR066W	YAR066W	444.708	362	362	446.428	446.395
YAR068W	YAR068W	319.307	236	236	321.187	321.345
YAR069C	YAR069C	139.435	139.435	139.435	139.435	139.435
YAR070C	YAR070C	106.4954	106.4954	106.4954	106.4954	106.4954
